"매출월","요일","점포","성별","구매건수"
1,"월","a","남",21451
1,"화","b","여",24922
1,"수","c","남",8835
1,"목","d","여",13720
1,"금","e","남",10826
1,"토","f","여",43319
1,"일","g","남",2471
1,"월","h","여",10457
1,"화","i","남",17081
1,"수","j","여",18583
1,"목","k","남",6833
1,"금","l","여",33803
1,"토","m","남",2265
1,"일","n","여",32637
1,"월","o","남",49704
1,"화","a","여",33882
1,"수","b","남",45928
1,"목","c","여",23123
1,"금","d","남",28571
1,"토","e","여",22597
1,"일","f","남",8386
1,"월","g","여",3414
1,"화","h","남",44846
1,"수","i","여",13692
1,"목","j","남",46510
1,"금","k","여",27044
1,"토","l","남",34966
1,"일","m","여",41706
1,"월","n","남",615
1,"화","o","여",48015
1,"수","a","남",34036
1,"목","b","여",4238
1,"금","c","남",48480
1,"토","d","여",5802
1,"일","e","남",43844
1,"월","f","여",19384
1,"화","g","남",45484
1,"수","h","여",37483
1,"목","i","남",43539
1,"금","j","여",28638
1,"토","k","남",45173
1,"일","l","여",10102
1,"월","m","남",34339
1,"화","n","여",20495
1,"수","o","남",47135
1,"목","a","여",29043
1,"금","b","남",31131
1,"토","c","여",43904
1,"일","d","남",4965
1,"월","e","여",47399
1,"화","f","남",26026
1,"수","g","여",38362
1,"목","h","남",24443
1,"금","i","여",5040
1,"토","j","남",25888
1,"일","k","여",29762
1,"월","l","남",10173
1,"화","m","여",15292
1,"수","n","남",4994
1,"목","o","여",16475
1,"금","a","남",14966
1,"토","b","여",44489
1,"일","c","남",18771
1,"월","d","여",28937
1,"화","e","남",968
1,"수","f","여",28291
1,"목","g","남",6602
1,"금","h","여",15597
1,"토","i","남",11761
1,"일","j","여",31595
1,"월","k","남",24756
1,"화","l","여",31125
1,"수","m","남",27378
1,"목","n","여",45128
1,"금","o","남",35014
1,"토","a","여",2688
1,"일","b","남",37785
1,"월","c","여",7739
1,"화","d","남",6434
1,"수","e","여",5586
1,"목","f","남",11716
1,"금","g","여",45612
1,"토","h","남",39079
1,"일","i","여",27680
1,"월","j","남",8887
1,"화","k","여",48797
1,"수","l","남",34085
1,"목","m","여",36176
1,"금","n","남",40872
1,"토","o","여",1110
1,"일","a","남",24912
1,"월","b","여",34171
1,"화","c","남",9009
1,"수","d","여",42099
1,"목","e","남",38929
1,"금","f","여",29915
1,"토","g","남",36321
1,"일","h","여",23637
1,"월","i","남",32676
1,"화","j","여",26902
1,"수","k","남",34603
1,"목","l","여",46788
1,"금","m","남",48069
1,"토","n","여",30897
1,"일","o","남",22255
1,"월","a","여",21576
1,"화","b","남",14873
1,"수","c","여",18879
1,"목","d","남",13247
1,"금","e","여",41642
1,"토","f","남",44913
1,"일","g","여",4713
1,"월","h","남",8862
1,"화","i","여",48126
1,"수","j","남",7032
1,"목","k","여",17387
1,"금","l","남",17068
1,"토","m","여",49388
1,"일","n","남",2497
1,"월","o","여",31125
1,"화","a","남",30295
1,"수","b","여",6772
1,"목","c","남",47557
1,"금","d","여",35214
1,"토","e","남",3084
1,"일","f","여",1551
1,"월","g","남",18722
1,"화","h","여",7891
1,"수","i","남",7102
1,"목","j","여",1923
1,"금","k","남",2313
1,"토","l","여",40007
1,"일","m","남",21842
1,"월","n","여",44965
1,"화","o","남",21909
1,"수","a","여",25963
1,"목","b","남",13485
1,"금","c","여",24911
1,"토","d","남",20916
1,"일","e","여",26140
1,"월","f","남",22751
1,"화","g","여",49026
1,"수","h","남",49078
1,"목","i","여",36204
1,"금","j","남",45857
1,"토","k","여",44727
1,"일","l","남",27041
1,"월","m","여",12022
1,"화","n","남",45218
1,"수","o","여",16816
1,"목","a","남",33314
1,"금","b","여",35259
1,"토","c","남",40628
1,"일","d","여",427
1,"월","e","남",30519
1,"화","f","여",38392
1,"수","g","남",9727
1,"목","h","여",49867
1,"금","i","남",6349
1,"토","j","여",49759
1,"일","k","남",14961
1,"월","l","여",48067
1,"화","m","남",9124
1,"수","n","여",13129
1,"목","o","남",33258
1,"금","a","여",12583
1,"토","b","남",17265
1,"일","c","여",24909
1,"월","d","남",2532
1,"화","e","여",1003
1,"수","f","남",45460
1,"목","g","여",32002
1,"금","h","남",33743
1,"토","i","여",31491
1,"일","j","남",21587
1,"월","k","여",6856
1,"화","l","남",8479
1,"수","m","여",35417
1,"목","n","남",47748
1,"금","o","여",5912
1,"토","a","남",4463
1,"일","b","여",2182
1,"월","c","남",24115
1,"화","d","여",29442
1,"수","e","남",35052
1,"목","f","여",10705
1,"금","g","남",664
1,"토","h","여",12572
1,"일","i","남",1546
1,"월","j","여",12562
1,"화","k","남",5916
1,"수","l","여",5449
1,"목","m","남",18923
1,"금","n","여",40257
1,"토","o","남",30649
1,"일","a","여",5861
1,"월","b","남",7986
1,"화","c","여",16343
1,"수","d","남",11366
1,"목","e","여",24001
1,"금","f","남",24465
1,"토","g","여",43526
1,"일","h","남",28661
1,"월","i","여",10578
1,"화","j","남",15572
1,"수","k","여",37408
1,"목","l","남",21059
1,"금","m","여",33323
1,"토","n","남",22226
1,"일","o","여",1714
2,"월","a","남",43421
2,"화","b","여",13416
2,"수","c","남",24219
2,"목","d","여",20317
2,"금","e","남",49710
2,"토","f","여",28197
2,"일","g","남",46259
2,"월","h","여",16489
2,"화","i","남",42968
2,"수","j","여",8650
2,"목","k","남",21509
2,"금","l","여",6669
2,"토","m","남",33150
2,"일","n","여",42604
2,"월","o","남",18513
2,"화","a","여",9545
2,"수","b","남",22528
2,"목","c","여",14485
2,"금","d","남",33005
2,"토","e","여",25439
2,"일","f","남",32303
2,"월","g","여",21620
2,"화","h","남",11165
2,"수","i","여",34827
2,"목","j","남",19305
2,"금","k","여",40047
2,"토","l","남",35018
2,"일","m","여",39350
2,"월","n","남",42490
2,"화","o","여",17928
2,"수","a","남",3312
2,"목","b","여",45917
2,"금","c","남",32887
2,"토","d","여",10742
2,"일","e","남",35014
2,"월","f","여",11455
2,"화","g","남",43173
2,"수","h","여",21697
2,"목","i","남",659
2,"금","j","여",48047
2,"토","k","남",15016
2,"일","l","여",41712
2,"월","m","남",23045
2,"화","n","여",39767
2,"수","o","남",9238
2,"목","a","여",24004
2,"금","b","남",19987
2,"토","c","여",39381
2,"일","d","남",13644
2,"월","e","여",24387
2,"화","f","남",14144
2,"수","g","여",48815
2,"목","h","남",26181
2,"금","i","여",13410
2,"토","j","남",21727
2,"일","k","여",30736
2,"월","l","남",19364
2,"화","m","여",28788
2,"수","n","남",2094
2,"목","o","여",46195
2,"금","a","남",42184
2,"토","b","여",35586
2,"일","c","남",6485
2,"월","d","여",30748
2,"화","e","남",17389
2,"수","f","여",11433
2,"목","g","남",26393
2,"금","h","여",45913
2,"토","i","남",23962
2,"일","j","여",15589
2,"월","k","남",42471
2,"화","l","여",37392
2,"수","m","남",14571
2,"목","n","여",32477
2,"금","o","남",34542
2,"토","a","여",32936
2,"일","b","남",49370
2,"월","c","여",49812
2,"화","d","남",23827
2,"수","e","여",37092
2,"목","f","남",4455
2,"금","g","여",10442
2,"토","h","남",38025
2,"일","i","여",41837
2,"월","j","남",42987
2,"화","k","여",24288
2,"수","l","남",2333
2,"목","m","여",27233
2,"금","n","남",46316
2,"토","o","여",45981
2,"일","a","남",30070
2,"월","b","여",19743
2,"화","c","남",25769
2,"수","d","여",13158
2,"목","e","남",39285
2,"금","f","여",3856
2,"토","g","남",20247
2,"일","h","여",672
2,"월","i","남",34100
2,"화","j","여",43444
2,"수","k","남",25180
2,"목","l","여",10118
2,"금","m","남",32846
2,"토","n","여",30534
2,"일","o","남",10166
2,"월","a","여",6989
2,"화","b","남",11487
2,"수","c","여",44039
2,"목","d","남",37064
2,"금","e","여",32735
2,"토","f","남",13631
2,"일","g","여",42219
2,"월","h","남",7801
2,"화","i","여",45142
2,"수","j","남",44286
2,"목","k","여",13665
2,"금","l","남",23050
2,"토","m","여",31479
2,"일","n","남",8289
2,"월","o","여",36640
2,"화","a","남",32010
2,"수","b","여",40706
2,"목","c","남",24399
2,"금","d","여",39540
2,"토","e","남",34634
2,"일","f","여",35327
2,"월","g","남",43308
2,"화","h","여",5180
2,"수","i","남",43783
2,"목","j","여",40826
2,"금","k","남",20878
2,"토","l","여",14391
2,"일","m","남",39631
2,"월","n","여",34805
2,"화","o","남",41244
2,"수","a","여",46754
2,"목","b","남",26217
2,"금","c","여",23028
2,"토","d","남",7139
2,"일","e","여",46594
2,"월","f","남",24269
2,"화","g","여",9714
2,"수","h","남",5568
2,"목","i","여",14020
2,"금","j","남",22768
2,"토","k","여",9991
2,"일","l","남",13164
2,"월","m","여",21163
2,"화","n","남",30897
2,"수","o","여",16604
2,"목","a","남",18212
2,"금","b","여",3518
2,"토","c","남",21101
2,"일","d","여",33394
2,"월","e","남",9288
2,"화","f","여",45613
2,"수","g","남",11286
2,"목","h","여",28796
2,"금","i","남",23160
2,"토","j","여",28307
2,"일","k","남",24056
2,"월","l","여",46952
2,"화","m","남",19494
2,"수","n","여",15466
2,"목","o","남",12060
2,"금","a","여",10723
2,"토","b","남",6642
2,"일","c","여",22865
2,"월","d","남",29800
2,"화","e","여",44955
2,"수","f","남",30407
2,"목","g","여",18947
2,"금","h","남",19793
2,"토","i","여",47622
2,"일","j","남",10775
2,"월","k","여",920
2,"화","l","남",13918
2,"수","m","여",8194
2,"목","n","남",38799
2,"금","o","여",41869
2,"토","a","남",45563
2,"일","b","여",24726
2,"월","c","남",37129
2,"화","d","여",25222
2,"수","e","남",32027
2,"목","f","여",38165
2,"금","g","남",47482
2,"토","h","여",3739
2,"일","i","남",45829
2,"월","j","여",18671
2,"화","k","남",34917
2,"수","l","여",11200
2,"목","m","남",25857
2,"금","n","여",45242
2,"토","o","남",20545
2,"일","a","여",9236
2,"월","b","남",30095
2,"화","c","여",17913
2,"수","d","남",4187
2,"목","e","여",17568
2,"금","f","남",5437
2,"토","g","여",24490
2,"일","h","남",17970
2,"월","i","여",11266
2,"화","j","남",12201
2,"수","k","여",5948
2,"목","l","남",13863
2,"금","m","여",46055
2,"토","n","남",22694
2,"일","o","여",6585
3,"월","a","남",49269
3,"화","b","여",4866
3,"수","c","남",435
3,"목","d","여",42836
3,"금","e","남",42659
3,"토","f","여",26775
3,"일","g","남",49036
3,"월","h","여",24259
3,"화","i","남",45192
3,"수","j","여",35510
3,"목","k","남",9969
3,"금","l","여",7308
3,"토","m","남",4453
3,"일","n","여",27812
3,"월","o","남",34333
3,"화","a","여",31313
3,"수","b","남",18224
3,"목","c","여",11001
3,"금","d","남",45592
3,"토","e","여",19360
3,"일","f","남",46542
3,"월","g","여",1609
3,"화","h","남",43341
3,"수","i","여",22011
3,"목","j","남",16570
3,"금","k","여",14360
3,"토","l","남",31878
3,"일","m","여",6345
3,"월","n","남",6286
3,"화","o","여",16596
3,"수","a","남",4020
3,"목","b","여",27414
3,"금","c","남",6794
3,"토","d","여",3202
3,"일","e","남",872
3,"월","f","여",21754
3,"화","g","남",43836
3,"수","h","여",19811
3,"목","i","남",40202
3,"금","j","여",2901
3,"토","k","남",30284
3,"일","l","여",48573
3,"월","m","남",45362
3,"화","n","여",26305
3,"수","o","남",5330
3,"목","a","여",11312
3,"금","b","남",27166
3,"토","c","여",11942
3,"일","d","남",23538
3,"월","e","여",12597
3,"화","f","남",31109
3,"수","g","여",27031
3,"목","h","남",11013
3,"금","i","여",46266
3,"토","j","남",11314
3,"일","k","여",42558
3,"월","l","남",3063
3,"화","m","여",23560
3,"수","n","남",31062
3,"목","o","여",29019
3,"금","a","남",2207
3,"토","b","여",32919
3,"일","c","남",47835
3,"월","d","여",12360
3,"화","e","남",36155
3,"수","f","여",21934
3,"목","g","남",27418
3,"금","h","여",4656
3,"토","i","남",7620
3,"일","j","여",48435
3,"월","k","남",11693
3,"화","l","여",36038
3,"수","m","남",12521
3,"목","n","여",14844
3,"금","o","남",41899
3,"토","a","여",12745
3,"일","b","남",16754
3,"월","c","여",46578
3,"화","d","남",12919
3,"수","e","여",46433
3,"목","f","남",9883
3,"금","g","여",46155
3,"토","h","남",6377
3,"일","i","여",33074
3,"월","j","남",11261
3,"화","k","여",32594
3,"수","l","남",30184
3,"목","m","여",18481
3,"금","n","남",46419
3,"토","o","여",17767
3,"일","a","남",11455
3,"월","b","여",14163
3,"화","c","남",49841
3,"수","d","여",26971
3,"목","e","남",12223
3,"금","f","여",29212
3,"토","g","남",45496
3,"일","h","여",48227
3,"월","i","남",25179
3,"화","j","여",42370
3,"수","k","남",16195
3,"목","l","여",40397
3,"금","m","남",23949
3,"토","n","여",3877
3,"일","o","남",6649
3,"월","a","여",31854
3,"화","b","남",14725
3,"수","c","여",17416
3,"목","d","남",28758
3,"금","e","여",24203
3,"토","f","남",38136
3,"일","g","여",31024
3,"월","h","남",22569
3,"화","i","여",45602
3,"수","j","남",35402
3,"목","k","여",10525
3,"금","l","남",26633
3,"토","m","여",16388
3,"일","n","남",33897
3,"월","o","여",49169
3,"화","a","남",24332
3,"수","b","여",19429
3,"목","c","남",24747
3,"금","d","여",30217
3,"토","e","남",43425
3,"일","f","여",6037
3,"월","g","남",6920
3,"화","h","여",37149
3,"수","i","남",37628
3,"목","j","여",40121
3,"금","k","남",36044
3,"토","l","여",32116
3,"일","m","남",15414
3,"월","n","여",10771
3,"화","o","남",103
3,"수","a","여",43658
3,"목","b","남",36393
3,"금","c","여",26255
3,"토","d","남",4634
3,"일","e","여",31438
3,"월","f","남",45328
3,"화","g","여",40978
3,"수","h","남",48021
3,"목","i","여",40820
3,"금","j","남",36604
3,"토","k","여",27219
3,"일","l","남",42268
3,"월","m","여",888
3,"화","n","남",45568
3,"수","o","여",6454
3,"목","a","남",32684
3,"금","b","여",36842
3,"토","c","남",4749
3,"일","d","여",23245
3,"월","e","남",29442
3,"화","f","여",22880
3,"수","g","남",506
3,"목","h","여",19349
3,"금","i","남",29776
3,"토","j","여",20686
3,"일","k","남",21422
3,"월","l","여",43360
3,"화","m","남",19751
3,"수","n","여",2042
3,"목","o","남",44657
3,"금","a","여",47244
3,"토","b","남",48290
3,"일","c","여",32854
3,"월","d","남",47363
3,"화","e","여",35591
3,"수","f","남",6034
3,"목","g","여",23037
3,"금","h","남",9170
3,"토","i","여",505
3,"일","j","남",12926
3,"월","k","여",30743
3,"화","l","남",40765
3,"수","m","여",2814
3,"목","n","남",37593
3,"금","o","여",49600
3,"토","a","남",10023
3,"일","b","여",1217
3,"월","c","남",1317
3,"화","d","여",337
3,"수","e","남",29583
3,"목","f","여",13483
3,"금","g","남",43843
3,"토","h","여",37935
3,"일","i","남",35346
3,"월","j","여",29869
3,"화","k","남",43859
3,"수","l","여",27646
3,"목","m","남",39919
3,"금","n","여",46829
3,"토","o","남",34793
3,"일","a","여",32205
3,"월","b","남",38417
3,"화","c","여",22838
3,"수","d","남",44902
3,"목","e","여",43567
3,"금","f","남",46159
3,"토","g","여",4668
3,"일","h","남",21866
3,"월","i","여",735
3,"화","j","남",37396
3,"수","k","여",8187
3,"목","l","남",35233
3,"금","m","여",27487
3,"토","n","남",7299
3,"일","o","여",3679
4,"월","a","남",49118
4,"화","b","여",21243
4,"수","c","남",48262
4,"목","d","여",39213
4,"금","e","남",14330
4,"토","f","여",33440
4,"일","g","남",21620
4,"월","h","여",40060
4,"화","i","남",41204
4,"수","j","여",15088
4,"목","k","남",17774
4,"금","l","여",846
4,"토","m","남",2745
4,"일","n","여",33724
4,"월","o","남",46642
4,"화","a","여",23263
4,"수","b","남",19999
4,"목","c","여",30205
4,"금","d","남",4514
4,"토","e","여",33389
4,"일","f","남",16992
4,"월","g","여",19404
4,"화","h","남",16799
4,"수","i","여",13059
4,"목","j","남",5513
4,"금","k","여",21925
4,"토","l","남",44838
4,"일","m","여",44800
4,"월","n","남",49436
4,"화","o","여",46025
4,"수","a","남",11562
4,"목","b","여",8299
4,"금","c","남",17287
4,"토","d","여",8851
4,"일","e","남",4644
4,"월","f","여",22692
4,"화","g","남",17927
4,"수","h","여",1268
4,"목","i","남",39923
4,"금","j","여",45229
4,"토","k","남",31217
4,"일","l","여",31112
4,"월","m","남",13699
4,"화","n","여",41408
4,"수","o","남",39065
4,"목","a","여",16606
4,"금","b","남",20633
4,"토","c","여",28350
4,"일","d","남",32128
4,"월","e","여",41495
4,"화","f","남",8873
4,"수","g","여",6193
4,"목","h","남",24637
4,"금","i","여",3593
4,"토","j","남",9838
4,"일","k","여",7249
4,"월","l","남",29153
4,"화","m","여",21283
4,"수","n","남",22094
4,"목","o","여",36242
4,"금","a","남",47957
4,"토","b","여",28534
4,"일","c","남",27399
4,"월","d","여",24197
4,"화","e","남",40132
4,"수","f","여",38400
4,"목","g","남",10951
4,"금","h","여",30229
4,"토","i","남",10502
4,"일","j","여",30298
4,"월","k","남",18063
4,"화","l","여",11260
4,"수","m","남",1111
4,"목","n","여",11949
4,"금","o","남",201
4,"토","a","여",28405
4,"일","b","남",13840
4,"월","c","여",4620
4,"화","d","남",37396
4,"수","e","여",20131
4,"목","f","남",45553
4,"금","g","여",37628
4,"토","h","남",27563
4,"일","i","여",10812
4,"월","j","남",25941
4,"화","k","여",19841
4,"수","l","남",13964
4,"목","m","여",9776
4,"금","n","남",5875
4,"토","o","여",43480
4,"일","a","남",32120
4,"월","b","여",43907
4,"화","c","남",10270
4,"수","d","여",39657
4,"목","e","남",45212
4,"금","f","여",14328
4,"토","g","남",14959
4,"일","h","여",49953
4,"월","i","남",32895
4,"화","j","여",1419
4,"수","k","남",34400
4,"목","l","여",27784
4,"금","m","남",30076
4,"토","n","여",26228
4,"일","o","남",28289
4,"월","a","여",5292
4,"화","b","남",5619
4,"수","c","여",26147
4,"목","d","남",19414
4,"금","e","여",46448
4,"토","f","남",36875
4,"일","g","여",41524
4,"월","h","남",31723
4,"화","i","여",20342
4,"수","j","남",48994
4,"목","k","여",21135
4,"금","l","남",47926
4,"토","m","여",40006
4,"일","n","남",29996
4,"월","o","여",42889
4,"화","a","남",38696
4,"수","b","여",46264
4,"목","c","남",22299
4,"금","d","여",43997
4,"토","e","남",17807
4,"일","f","여",36442
4,"월","g","남",24829
4,"화","h","여",11479
4,"수","i","남",3045
4,"목","j","여",32110
4,"금","k","남",9486
4,"토","l","여",48434
4,"일","m","남",45584
4,"월","n","여",43835
4,"화","o","남",37001
4,"수","a","여",45440
4,"목","b","남",22489
4,"금","c","여",8448
4,"토","d","남",11406
4,"일","e","여",48101
4,"월","f","남",42820
4,"화","g","여",29209
4,"수","h","남",27011
4,"목","i","여",38744
4,"금","j","남",19484
4,"토","k","여",9930
4,"일","l","남",41647
4,"월","m","여",49786
4,"화","n","남",9588
4,"수","o","여",19667
4,"목","a","남",33427
4,"금","b","여",46214
4,"토","c","남",79
4,"일","d","여",21807
4,"월","e","남",17564
4,"화","f","여",17414
4,"수","g","남",35752
4,"목","h","여",21529
4,"금","i","남",36791
4,"토","j","여",20869
4,"일","k","남",42306
4,"월","l","여",32094
4,"화","m","남",11170
4,"수","n","여",13360
4,"목","o","남",7246
4,"금","a","여",25417
4,"토","b","남",38267
4,"일","c","여",16093
4,"월","d","남",21877
4,"화","e","여",16674
4,"수","f","남",41848
4,"목","g","여",48518
4,"금","h","남",43579
4,"토","i","여",24418
4,"일","j","남",38672
4,"월","k","여",44364
4,"화","l","남",32026
4,"수","m","여",30922
4,"목","n","남",577
4,"금","o","여",41736
4,"토","a","남",9862
4,"일","b","여",25382
4,"월","c","남",28956
4,"화","d","여",4755
4,"수","e","남",46063
4,"목","f","여",45396
4,"금","g","남",10325
4,"토","h","여",11475
4,"일","i","남",2359
4,"월","j","여",12235
4,"화","k","남",8306
4,"수","l","여",12935
4,"목","m","남",16721
4,"금","n","여",28193
4,"토","o","남",45500
4,"일","a","여",8121
4,"월","b","남",6942
4,"화","c","여",30806
4,"수","d","남",1553
4,"목","e","여",3921
4,"금","f","남",9253
4,"토","g","여",25772
4,"일","h","남",25061
4,"월","i","여",39700
4,"화","j","남",37068
4,"수","k","여",4314
4,"목","l","남",11170
4,"금","m","여",19399
4,"토","n","남",11722
4,"일","o","여",21264
5,"월","a","남",36621
5,"화","b","여",9460
5,"수","c","남",37500
5,"목","d","여",36037
5,"금","e","남",41031
5,"토","f","여",15486
5,"일","g","남",48328
5,"월","h","여",40376
5,"화","i","남",48986
5,"수","j","여",27658
5,"목","k","남",20026
5,"금","l","여",22524
5,"토","m","남",31901
5,"일","n","여",31728
5,"월","o","남",23741
5,"화","a","여",29400
5,"수","b","남",49881
5,"목","c","여",19442
5,"금","d","남",16537
5,"토","e","여",44727
5,"일","f","남",3737
5,"월","g","여",34579
5,"화","h","남",32193
5,"수","i","여",24526
5,"목","j","남",462
5,"금","k","여",46458
5,"토","l","남",33714
5,"일","m","여",9
5,"월","n","남",22159
5,"화","o","여",11190
5,"수","a","남",7163
5,"목","b","여",1730
5,"금","c","남",24037
5,"토","d","여",9864
5,"일","e","남",29676
5,"월","f","여",48163
5,"화","g","남",16201
5,"수","h","여",18493
5,"목","i","남",10782
5,"금","j","여",22093
5,"토","k","남",28728
5,"일","l","여",27987
5,"월","m","남",3762
5,"화","n","여",17529
5,"수","o","남",40454
5,"목","a","여",29433
5,"금","b","남",1084
5,"토","c","여",26684
5,"일","d","남",19088
5,"월","e","여",12311
5,"화","f","남",1939
5,"수","g","여",33102
5,"목","h","남",20499
5,"금","i","여",17714
5,"토","j","남",39942
5,"일","k","여",1810
5,"월","l","남",22721
5,"화","m","여",26105
5,"수","n","남",11402
5,"목","o","여",18732
5,"금","a","남",23135
5,"토","b","여",44861
5,"일","c","남",14748
5,"월","d","여",16986
5,"화","e","남",31163
5,"수","f","여",49864
5,"목","g","남",38578
5,"금","h","여",37882
5,"토","i","남",735
5,"일","j","여",15362
5,"월","k","남",16198
5,"화","l","여",23696
5,"수","m","남",27866
5,"목","n","여",30194
5,"금","o","남",29133
5,"토","a","여",12775
5,"일","b","남",38220
5,"월","c","여",38769
5,"화","d","남",31441
5,"수","e","여",34932
5,"목","f","남",18155
5,"금","g","여",37374
5,"토","h","남",26532
5,"일","i","여",4981
5,"월","j","남",6542
5,"화","k","여",20302
5,"수","l","남",12678
5,"목","m","여",15667
5,"금","n","남",49109
5,"토","o","여",41225
5,"일","a","남",25976
5,"월","b","여",10673
5,"화","c","남",15497
5,"수","d","여",37749
5,"목","e","남",31867
5,"금","f","여",6168
5,"토","g","남",25288
5,"일","h","여",7513
5,"월","i","남",14345
5,"화","j","여",48185
5,"수","k","남",3312
5,"목","l","여",46713
5,"금","m","남",1058
5,"토","n","여",2638
5,"일","o","남",7888
5,"월","a","여",48131
5,"화","b","남",2023
5,"수","c","여",48793
5,"목","d","남",4432
5,"금","e","여",19961
5,"토","f","남",26896
5,"일","g","여",1267
5,"월","h","남",35018
5,"화","i","여",27471
5,"수","j","남",7921
5,"목","k","여",12856
5,"금","l","남",49427
5,"토","m","여",4495
5,"일","n","남",43129
5,"월","o","여",11731
5,"화","a","남",34023
5,"수","b","여",20979
5,"목","c","남",11397
5,"금","d","여",15408
5,"토","e","남",30410
5,"일","f","여",20180
5,"월","g","남",45550
5,"화","h","여",7946
5,"수","i","남",15640
5,"목","j","여",43883
5,"금","k","남",45994
5,"토","l","여",3640
5,"일","m","남",14985
5,"월","n","여",30941
5,"화","o","남",6043
5,"수","a","여",9903
5,"목","b","남",23935
5,"금","c","여",1796
5,"토","d","남",3868
5,"일","e","여",17170
5,"월","f","남",23282
5,"화","g","여",30954
5,"수","h","남",6355
5,"목","i","여",19231
5,"금","j","남",10050
5,"토","k","여",6757
5,"일","l","남",4628
5,"월","m","여",49847
5,"화","n","남",9410
5,"수","o","여",24262
5,"목","a","남",27355
5,"금","b","여",37770
5,"토","c","남",11859
5,"일","d","여",4360
5,"월","e","남",12656
5,"화","f","여",16444
5,"수","g","남",19743
5,"목","h","여",14725
5,"금","i","남",42275
5,"토","j","여",14079
5,"일","k","남",44638
5,"월","l","여",12763
5,"화","m","남",36420
5,"수","n","여",26775
5,"목","o","남",26000
5,"금","a","여",40073
5,"토","b","남",47540
5,"일","c","여",31716
5,"월","d","남",21796
5,"화","e","여",6605
5,"수","f","남",42309
5,"목","g","여",2510
5,"금","h","남",14922
5,"토","i","여",36622
5,"일","j","남",41819
5,"월","k","여",15494
5,"화","l","남",15733
5,"수","m","여",23934
5,"목","n","남",28026
5,"금","o","여",45129
5,"토","a","남",13296
5,"일","b","여",27933
5,"월","c","남",27283
5,"화","d","여",12053
5,"수","e","남",640
5,"목","f","여",11439
5,"금","g","남",16439
5,"토","h","여",17583
5,"일","i","남",6762
5,"월","j","여",34075
5,"화","k","남",34790
5,"수","l","여",28683
5,"목","m","남",3024
5,"금","n","여",30583
5,"토","o","남",23719
5,"일","a","여",4809
5,"월","b","남",13334
5,"화","c","여",41522
5,"수","d","남",25815
5,"목","e","여",14795
5,"금","f","남",16401
5,"토","g","여",30239
5,"일","h","남",12151
5,"월","i","여",34872
5,"화","j","남",23392
5,"수","k","여",43802
5,"목","l","남",25994
5,"금","m","여",13992
5,"토","n","남",44798
5,"일","o","여",30587
6,"월","a","남",42735
6,"화","b","여",1988
6,"수","c","남",4806
6,"목","d","여",36884
6,"금","e","남",39966
6,"토","f","여",32617
6,"일","g","남",5365
6,"월","h","여",11627
6,"화","i","남",5337
6,"수","j","여",48692
6,"목","k","남",12130
6,"금","l","여",5081
6,"토","m","남",44233
6,"일","n","여",15590
6,"월","o","남",32069
6,"화","a","여",37520
6,"수","b","남",17095
6,"목","c","여",19869
6,"금","d","남",17173
6,"토","e","여",15328
6,"일","f","남",15922
6,"월","g","여",28358
6,"화","h","남",9583
6,"수","i","여",42976
6,"목","j","남",49038
6,"금","k","여",36482
6,"토","l","남",3427
6,"일","m","여",14282
6,"월","n","남",37569
6,"화","o","여",33904
6,"수","a","남",25783
6,"목","b","여",37561
6,"금","c","남",43957
6,"토","d","여",23246
6,"일","e","남",28848
6,"월","f","여",5434
6,"화","g","남",32877
6,"수","h","여",21997
6,"목","i","남",11755
6,"금","j","여",28502
6,"토","k","남",1144
6,"일","l","여",43388
6,"월","m","남",39159
6,"화","n","여",22036
6,"수","o","남",15344
6,"목","a","여",28446
6,"금","b","남",34574
6,"토","c","여",8463
6,"일","d","남",28297
6,"월","e","여",28615
6,"화","f","남",27824
6,"수","g","여",33641
6,"목","h","남",1900
6,"금","i","여",44992
6,"토","j","남",22269
6,"일","k","여",6890
6,"월","l","남",27784
6,"화","m","여",415
6,"수","n","남",3174
6,"목","o","여",31928
6,"금","a","남",44950
6,"토","b","여",9154
6,"일","c","남",14365
6,"월","d","여",23121
6,"화","e","남",25525
6,"수","f","여",22968
6,"목","g","남",47872
6,"금","h","여",25961
6,"토","i","남",9402
6,"일","j","여",9814
6,"월","k","남",47153
6,"화","l","여",32208
6,"수","m","남",3573
6,"목","n","여",9914
6,"금","o","남",28795
6,"토","a","여",17622
6,"일","b","남",14139
6,"월","c","여",8135
6,"화","d","남",38974
6,"수","e","여",10799
6,"목","f","남",26331
6,"금","g","여",8534
6,"토","h","남",32132
6,"일","i","여",9928
6,"월","j","남",33382
6,"화","k","여",38712
6,"수","l","남",49887
6,"목","m","여",6643
6,"금","n","남",47680
6,"토","o","여",46510
6,"일","a","남",35919
6,"월","b","여",47200
6,"화","c","남",27232
6,"수","d","여",33899
6,"목","e","남",34826
6,"금","f","여",34131
6,"토","g","남",21226
6,"일","h","여",42891
6,"월","i","남",2194
6,"화","j","여",3459
6,"수","k","남",8280
6,"목","l","여",2408
6,"금","m","남",17315
6,"토","n","여",17479
6,"일","o","남",10818
6,"월","a","여",14886
6,"화","b","남",12383
6,"수","c","여",287
6,"목","d","남",42791
6,"금","e","여",47433
6,"토","f","남",17191
6,"일","g","여",24204
6,"월","h","남",19458
6,"화","i","여",541
6,"수","j","남",8920
6,"목","k","여",48928
6,"금","l","남",44587
6,"토","m","여",846
6,"일","n","남",34825
6,"월","o","여",12496
6,"화","a","남",5036
6,"수","b","여",9390
6,"목","c","남",27738
6,"금","d","여",10106
6,"토","e","남",27976
6,"일","f","여",17700
6,"월","g","남",35524
6,"화","h","여",8677
6,"수","i","남",17327
6,"목","j","여",39481
6,"금","k","남",38234
6,"토","l","여",28746
6,"일","m","남",43176
6,"월","n","여",33691
6,"화","o","남",5780
6,"수","a","여",24445
6,"목","b","남",42659
6,"금","c","여",23682
6,"토","d","남",12426
6,"일","e","여",24485
6,"월","f","남",36661
6,"화","g","여",46586
6,"수","h","남",14342
6,"목","i","여",38095
6,"금","j","남",13142
6,"토","k","여",43791
6,"일","l","남",41950
6,"월","m","여",34373
6,"화","n","남",19475
6,"수","o","여",15405
6,"목","a","남",41913
6,"금","b","여",7672
6,"토","c","남",2469
6,"일","d","여",9270
6,"월","e","남",41409
6,"화","f","여",40584
6,"수","g","남",26346
6,"목","h","여",39485
6,"금","i","남",32460
6,"토","j","여",24342
6,"일","k","남",28345
6,"월","l","여",20739
6,"화","m","남",12051
6,"수","n","여",5937
6,"목","o","남",8769
6,"금","a","여",25066
6,"토","b","남",19980
6,"일","c","여",22499
6,"월","d","남",15034
6,"화","e","여",30469
6,"수","f","남",21710
6,"목","g","여",21286
6,"금","h","남",18735
6,"토","i","여",21366
6,"일","j","남",38204
6,"월","k","여",8094
6,"화","l","남",9791
6,"수","m","여",5902
6,"목","n","남",28524
6,"금","o","여",31312
6,"토","a","남",17118
6,"일","b","여",12290
6,"월","c","남",49227
6,"화","d","여",33417
6,"수","e","남",7758
6,"목","f","여",8887
6,"금","g","남",26365
6,"토","h","여",8408
6,"일","i","남",45826
6,"월","j","여",46217
6,"화","k","남",2019
6,"수","l","여",20803
6,"목","m","남",43942
6,"금","n","여",11403
6,"토","o","남",31910
6,"일","a","여",39348
6,"월","b","남",870
6,"화","c","여",1562
6,"수","d","남",41490
6,"목","e","여",11522
6,"금","f","남",18145
6,"토","g","여",2466
6,"일","h","남",28981
6,"월","i","여",40828
6,"화","j","남",22762
6,"수","k","여",22997
6,"목","l","남",11753
6,"금","m","여",37918
6,"토","n","남",16208
6,"일","o","여",16622
7,"월","a","남",9460
7,"화","b","여",12316
7,"수","c","남",27685
7,"목","d","여",17617
7,"금","e","남",2251
7,"토","f","여",45454
7,"일","g","남",14414
7,"월","h","여",28794
7,"화","i","남",24059
7,"수","j","여",15290
7,"목","k","남",22294
7,"금","l","여",12851
7,"토","m","남",33700
7,"일","n","여",42462
7,"월","o","남",119
7,"화","a","여",9527
7,"수","b","남",1649
7,"목","c","여",4608
7,"금","d","남",806
7,"토","e","여",21817
7,"일","f","남",35517
7,"월","g","여",49566
7,"화","h","남",4030
7,"수","i","여",27971
7,"목","j","남",27022
7,"금","k","여",37515
7,"토","l","남",29222
7,"일","m","여",4470
7,"월","n","남",5434
7,"화","o","여",44445
7,"수","a","남",13369
7,"목","b","여",30641
7,"금","c","남",42971
7,"토","d","여",20665
7,"일","e","남",41752
7,"월","f","여",23165
7,"화","g","남",18014
7,"수","h","여",44477
7,"목","i","남",4553
7,"금","j","여",13371
7,"토","k","남",40217
7,"일","l","여",47099
7,"월","m","남",12657
7,"화","n","여",48026
7,"수","o","남",28669
7,"목","a","여",17107
7,"금","b","남",16570
7,"토","c","여",670
7,"일","d","남",6304
7,"월","e","여",46094
7,"화","f","남",29720
7,"수","g","여",34270
7,"목","h","남",28287
7,"금","i","여",4447
7,"토","j","남",3389
7,"일","k","여",25141
7,"월","l","남",24820
7,"화","m","여",40773
7,"수","n","남",30524
7,"목","o","여",46586
7,"금","a","남",44715
7,"토","b","여",45601
7,"일","c","남",6368
7,"월","d","여",17887
7,"화","e","남",18919
7,"수","f","여",23482
7,"목","g","남",18542
7,"금","h","여",39042
7,"토","i","남",44991
7,"일","j","여",6514
7,"월","k","남",24487
7,"화","l","여",12372
7,"수","m","남",38047
7,"목","n","여",3350
7,"금","o","남",38881
7,"토","a","여",5798
7,"일","b","남",33068
7,"월","c","여",30278
7,"화","d","남",2933
7,"수","e","여",12415
7,"목","f","남",48549
7,"금","g","여",43668
7,"토","h","남",8608
7,"일","i","여",43578
7,"월","j","남",33195
7,"화","k","여",16240
7,"수","l","남",16114
7,"목","m","여",16427
7,"금","n","남",26852
7,"토","o","여",33675
7,"일","a","남",19932
7,"월","b","여",35782
7,"화","c","남",38342
7,"수","d","여",29186
7,"목","e","남",17156
7,"금","f","여",30250
7,"토","g","남",34095
7,"일","h","여",16474
7,"월","i","남",1255
7,"화","j","여",1608
7,"수","k","남",20491
7,"목","l","여",12663
7,"금","m","남",44859
7,"토","n","여",21851
7,"일","o","남",14641
7,"월","a","여",19756
7,"화","b","남",37168
7,"수","c","여",25013
7,"목","d","남",3035
7,"금","e","여",49710
7,"토","f","남",27144
7,"일","g","여",12570
7,"월","h","남",5888
7,"화","i","여",37077
7,"수","j","남",13271
7,"목","k","여",39348
7,"금","l","남",17134
7,"토","m","여",35638
7,"일","n","남",34847
7,"월","o","여",34528
7,"화","a","남",23983
7,"수","b","여",38423
7,"목","c","남",42786
7,"금","d","여",15625
7,"토","e","남",48480
7,"일","f","여",6862
7,"월","g","남",35832
7,"화","h","여",34885
7,"수","i","남",49051
7,"목","j","여",16129
7,"금","k","남",8594
7,"토","l","여",42258
7,"일","m","남",19556
7,"월","n","여",47370
7,"화","o","남",17592
7,"수","a","여",20655
7,"목","b","남",17900
7,"금","c","여",36856
7,"토","d","남",36797
7,"일","e","여",49584
7,"월","f","남",19610
7,"화","g","여",17202
7,"수","h","남",39445
7,"목","i","여",44347
7,"금","j","남",38281
7,"토","k","여",47961
7,"일","l","남",37207
7,"월","m","여",15034
7,"화","n","남",35529
7,"수","o","여",41601
7,"목","a","남",41789
7,"금","b","여",2016
7,"토","c","남",13649
7,"일","d","여",34846
7,"월","e","남",6945
7,"화","f","여",37838
7,"수","g","남",335
7,"목","h","여",30287
7,"금","i","남",4582
7,"토","j","여",19093
7,"일","k","남",15768
7,"월","l","여",35020
7,"화","m","남",28073
7,"수","n","여",40909
7,"목","o","남",35517
7,"금","a","여",39759
7,"토","b","남",790
7,"일","c","여",20444
7,"월","d","남",44813
7,"화","e","여",11828
7,"수","f","남",18348
7,"목","g","여",37121
7,"금","h","남",20723
7,"토","i","여",36692
7,"일","j","남",1046
7,"월","k","여",27384
7,"화","l","남",30682
7,"수","m","여",11121
7,"목","n","남",24951
7,"금","o","여",7245
7,"토","a","남",41544
7,"일","b","여",24677
7,"월","c","남",36869
7,"화","d","여",34626
7,"수","e","남",42841
7,"목","f","여",42185
7,"금","g","남",2006
7,"토","h","여",42492
7,"일","i","남",27314
7,"월","j","여",9899
7,"화","k","남",778
7,"수","l","여",32138
7,"목","m","남",2208
7,"금","n","여",34560
7,"토","o","남",34518
7,"일","a","여",30695
7,"월","b","남",25623
7,"화","c","여",1428
7,"수","d","남",35846
7,"목","e","여",23990
7,"금","f","남",34287
7,"토","g","여",15626
7,"일","h","남",23954
7,"월","i","여",12929
7,"화","j","남",16512
7,"수","k","여",37049
7,"목","l","남",2897
7,"금","m","여",23982
7,"토","n","남",47835
7,"일","o","여",47838
8,"월","a","남",9373
8,"화","b","여",23342
8,"수","c","남",23637
8,"목","d","여",33954
8,"금","e","남",45797
8,"토","f","여",30771
8,"일","g","남",23960
8,"월","h","여",18343
8,"화","i","남",36486
8,"수","j","여",21635
8,"목","k","남",6735
8,"금","l","여",32048
8,"토","m","남",3329
8,"일","n","여",38829
8,"월","o","남",7972
8,"화","a","여",40818
8,"수","b","남",33513
8,"목","c","여",33160
8,"금","d","남",4614
8,"토","e","여",43531
8,"일","f","남",30375
8,"월","g","여",10922
8,"화","h","남",17004
8,"수","i","여",6761
8,"목","j","남",19404
8,"금","k","여",4722
8,"토","l","남",41758
8,"일","m","여",6247
8,"월","n","남",49887
8,"화","o","여",43207
8,"수","a","남",8586
8,"목","b","여",27600
8,"금","c","남",5050
8,"토","d","여",14493
8,"일","e","남",36091
8,"월","f","여",25399
8,"화","g","남",957
8,"수","h","여",3851
8,"목","i","남",8862
8,"금","j","여",45807
8,"토","k","남",45322
8,"일","l","여",43390
8,"월","m","남",1191
8,"화","n","여",17995
8,"수","o","남",34743
8,"목","a","여",48525
8,"금","b","남",12734
8,"토","c","여",46467
8,"일","d","남",1009
8,"월","e","여",1505
8,"화","f","남",42347
8,"수","g","여",20919
8,"목","h","남",15200
8,"금","i","여",31038
8,"토","j","남",41133
8,"일","k","여",286
8,"월","l","남",12149
8,"화","m","여",7350
8,"수","n","남",30262
8,"목","o","여",11617
8,"금","a","남",10996
8,"토","b","여",6008
8,"일","c","남",33249
8,"월","d","여",7707
8,"화","e","남",44994
8,"수","f","여",6927
8,"목","g","남",39986
8,"금","h","여",3342
8,"토","i","남",31907
8,"일","j","여",43857
8,"월","k","남",2432
8,"화","l","여",23654
8,"수","m","남",43606
8,"목","n","여",1175
8,"금","o","남",1967
8,"토","a","여",15036
8,"일","b","남",10553
8,"월","c","여",20243
8,"화","d","남",48210
8,"수","e","여",24944
8,"목","f","남",34504
8,"금","g","여",18040
8,"토","h","남",49568
8,"일","i","여",44563
8,"월","j","남",33914
8,"화","k","여",37440
8,"수","l","남",36272
8,"목","m","여",22375
8,"금","n","남",31760
8,"토","o","여",36492
8,"일","a","남",49040
8,"월","b","여",36425
8,"화","c","남",34436
8,"수","d","여",20579
8,"목","e","남",37787
8,"금","f","여",21371
8,"토","g","남",34165
8,"일","h","여",23632
8,"월","i","남",11576
8,"화","j","여",49506
8,"수","k","남",30581
8,"목","l","여",8318
8,"금","m","남",22064
8,"토","n","여",35719
8,"일","o","남",9232
8,"월","a","여",34391
8,"화","b","남",30890
8,"수","c","여",41121
8,"목","d","남",4531
8,"금","e","여",28666
8,"토","f","남",48869
8,"일","g","여",40591
8,"월","h","남",9552
8,"화","i","여",42505
8,"수","j","남",46506
8,"목","k","여",44948
8,"금","l","남",35522
8,"토","m","여",8700
8,"일","n","남",10344
8,"월","o","여",19052
8,"화","a","남",1762
8,"수","b","여",8947
8,"목","c","남",4654
8,"금","d","여",41291
8,"토","e","남",47256
8,"일","f","여",30236
8,"월","g","남",21138
8,"화","h","여",5434
8,"수","i","남",17869
8,"목","j","여",29381
8,"금","k","남",19249
8,"토","l","여",19497
8,"일","m","남",38624
8,"월","n","여",20693
8,"화","o","남",2303
8,"수","a","여",14930
8,"목","b","남",47290
8,"금","c","여",10484
8,"토","d","남",7891
8,"일","e","여",93
8,"월","f","남",9939
8,"화","g","여",32618
8,"수","h","남",18119
8,"목","i","여",15558
8,"금","j","남",26898
8,"토","k","여",45780
8,"일","l","남",3323
8,"월","m","여",32714
8,"화","n","남",24877
8,"수","o","여",31396
8,"목","a","남",38323
8,"금","b","여",1854
8,"토","c","남",24495
8,"일","d","여",19115
8,"월","e","남",38591
8,"화","f","여",2392
8,"수","g","남",48141
8,"목","h","여",6896
8,"금","i","남",43196
8,"토","j","여",37047
8,"일","k","남",6831
8,"월","l","여",7704
8,"화","m","남",6351
8,"수","n","여",10554
8,"목","o","남",11328
8,"금","a","여",21289
8,"토","b","남",30393
8,"일","c","여",26915
8,"월","d","남",19377
8,"화","e","여",16470
8,"수","f","남",15850
8,"목","g","여",5483
8,"금","h","남",12436
8,"토","i","여",2431
8,"일","j","남",41578
8,"월","k","여",43508
8,"화","l","남",13972
8,"수","m","여",37435
8,"목","n","남",13038
8,"금","o","여",15784
8,"토","a","남",13834
8,"일","b","여",20372
8,"월","c","남",26433
8,"화","d","여",30239
8,"수","e","남",37071
8,"목","f","여",1306
8,"금","g","남",25285
8,"토","h","여",5576
8,"일","i","남",18901
8,"월","j","여",43177
8,"화","k","남",42038
8,"수","l","여",48358
8,"목","m","남",14010
8,"금","n","여",39712
8,"토","o","남",41362
8,"일","a","여",47025
8,"월","b","남",1929
8,"화","c","여",25971
8,"수","d","남",18687
8,"목","e","여",49591
8,"금","f","남",7597
8,"토","g","여",29312
8,"일","h","남",23960
8,"월","i","여",46023
8,"화","j","남",45430
8,"수","k","여",31319
8,"목","l","남",48176
8,"금","m","여",1657
8,"토","n","남",42346
8,"일","o","여",45225
9,"월","a","남",21100
9,"화","b","여",24295
9,"수","c","남",18530
9,"목","d","여",37501
9,"금","e","남",35278
9,"토","f","여",14233
9,"일","g","남",40781
9,"월","h","여",7432
9,"화","i","남",18269
9,"수","j","여",6848
9,"목","k","남",9117
9,"금","l","여",15742
9,"토","m","남",14451
9,"일","n","여",29356
9,"월","o","남",1890
9,"화","a","여",15071
9,"수","b","남",3757
9,"목","c","여",31732
9,"금","d","남",31558
9,"토","e","여",16683
9,"일","f","남",8797
9,"월","g","여",32852
9,"화","h","남",22728
9,"수","i","여",10202
9,"목","j","남",30055
9,"금","k","여",44271
9,"토","l","남",22398
9,"일","m","여",27549
9,"월","n","남",26696
9,"화","o","여",35516
9,"수","a","남",27494
9,"목","b","여",33989
9,"금","c","남",47583
9,"토","d","여",7206
9,"일","e","남",9781
9,"월","f","여",31419
9,"화","g","남",16003
9,"수","h","여",9629
9,"목","i","남",45069
9,"금","j","여",10422
9,"토","k","남",23844
9,"일","l","여",5362
9,"월","m","남",22998
9,"화","n","여",37632
9,"수","o","남",19342
9,"목","a","여",36569
9,"금","b","남",19740
9,"토","c","여",32139
9,"일","d","남",15993
9,"월","e","여",12834
9,"화","f","남",10445
9,"수","g","여",29573
9,"목","h","남",11892
9,"금","i","여",48724
9,"토","j","남",31645
9,"일","k","여",45546
9,"월","l","남",2399
9,"화","m","여",34328
9,"수","n","남",21283
9,"목","o","여",534
9,"금","a","남",43590
9,"토","b","여",43426
9,"일","c","남",11155
9,"월","d","여",49425
9,"화","e","남",5796
9,"수","f","여",2929
9,"목","g","남",9129
9,"금","h","여",6121
9,"토","i","남",41943
9,"일","j","여",14719
9,"월","k","남",47165
9,"화","l","여",36886
9,"수","m","남",41513
9,"목","n","여",10807
9,"금","o","남",38852
9,"토","a","여",29705
9,"일","b","남",27519
9,"월","c","여",12148
9,"화","d","남",1313
9,"수","e","여",49349
9,"목","f","남",15028
9,"금","g","여",1521
9,"토","h","남",43143
9,"일","i","여",34239
9,"월","j","남",25774
9,"화","k","여",46236
9,"수","l","남",33474
9,"목","m","여",29980
9,"금","n","남",3501
9,"토","o","여",3946
9,"일","a","남",41869
9,"월","b","여",44309
9,"화","c","남",46897
9,"수","d","여",26096
9,"목","e","남",40859
9,"금","f","여",11286
9,"토","g","남",43176
9,"일","h","여",1870
9,"월","i","남",48724
9,"화","j","여",46202
9,"수","k","남",29113
9,"목","l","여",9066
9,"금","m","남",23805
9,"토","n","여",4443
9,"일","o","남",32807
9,"월","a","여",30818
9,"화","b","남",37904
9,"수","c","여",49976
9,"목","d","남",24389
9,"금","e","여",22158
9,"토","f","남",17007
9,"일","g","여",45107
9,"월","h","남",3574
9,"화","i","여",5071
9,"수","j","남",8732
9,"목","k","여",19854
9,"금","l","남",46989
9,"토","m","여",38981
9,"일","n","남",24354
9,"월","o","여",13442
9,"화","a","남",3658
9,"수","b","여",39195
9,"목","c","남",15911
9,"금","d","여",37889
9,"토","e","남",27826
9,"일","f","여",48532
9,"월","g","남",46831
9,"화","h","여",14018
9,"수","i","남",26845
9,"목","j","여",38056
9,"금","k","남",9415
9,"토","l","여",30568
9,"일","m","남",13819
9,"월","n","여",19002
9,"화","o","남",21112
9,"수","a","여",34175
9,"목","b","남",28035
9,"금","c","여",24903
9,"토","d","남",5562
9,"일","e","여",46296
9,"월","f","남",28653
9,"화","g","여",46143
9,"수","h","남",13074
9,"목","i","여",12349
9,"금","j","남",16337
9,"토","k","여",36273
9,"일","l","남",5804
9,"월","m","여",37100
9,"화","n","남",20767
9,"수","o","여",5686
9,"목","a","남",32906
9,"금","b","여",29701
9,"토","c","남",7817
9,"일","d","여",20785
9,"월","e","남",30835
9,"화","f","여",17772
9,"수","g","남",34182
9,"목","h","여",31438
9,"금","i","남",47601
9,"토","j","여",32555
9,"일","k","남",2987
9,"월","l","여",12408
9,"화","m","남",8110
9,"수","n","여",27666
9,"목","o","남",22611
9,"금","a","여",8844
9,"토","b","남",1697
9,"일","c","여",19440
9,"월","d","남",959
9,"화","e","여",20564
9,"수","f","남",9734
9,"목","g","여",43359
9,"금","h","남",7063
9,"토","i","여",492
9,"일","j","남",33817
9,"월","k","여",9650
9,"화","l","남",43912
9,"수","m","여",12278
9,"목","n","남",22092
9,"금","o","여",34930
9,"토","a","남",5691
9,"일","b","여",25335
9,"월","c","남",26060
9,"화","d","여",23133
9,"수","e","남",30078
9,"목","f","여",13969
9,"금","g","남",38593
9,"토","h","여",40478
9,"일","i","남",6385
9,"월","j","여",46967
9,"화","k","남",26856
9,"수","l","여",22846
9,"목","m","남",18701
9,"금","n","여",22510
9,"토","o","남",24282
9,"일","a","여",35094
9,"월","b","남",2428
9,"화","c","여",373
9,"수","d","남",49435
9,"목","e","여",49141
9,"금","f","남",14643
9,"토","g","여",18086
9,"일","h","남",14174
9,"월","i","여",7869
9,"화","j","남",17694
9,"수","k","여",4456
9,"목","l","남",24747
9,"금","m","여",23504
9,"토","n","남",6211
9,"일","o","여",46147
10,"월","a","남",4793
10,"화","b","여",7312
10,"수","c","남",40967
10,"목","d","여",25093
10,"금","e","남",2393
10,"토","f","여",13469
10,"일","g","남",27377
10,"월","h","여",44285
10,"화","i","남",19949
10,"수","j","여",31297
10,"목","k","남",28556
10,"금","l","여",26057
10,"토","m","남",44624
10,"일","n","여",37590
10,"월","o","남",45991
10,"화","a","여",25363
10,"수","b","남",30688
10,"목","c","여",44297
10,"금","d","남",6366
10,"토","e","여",13821
10,"일","f","남",29736
10,"월","g","여",15866
10,"화","h","남",48918
10,"수","i","여",18081
10,"목","j","남",6417
10,"금","k","여",12429
10,"토","l","남",38106
10,"일","m","여",36160
10,"월","n","남",7281
10,"화","o","여",30548
10,"수","a","남",12079
10,"목","b","여",48538
10,"금","c","남",21130
10,"토","d","여",23223
10,"일","e","남",8359
10,"월","f","여",11547
10,"화","g","남",36299
10,"수","h","여",37821
10,"목","i","남",7510
10,"금","j","여",1785
10,"토","k","남",24682
10,"일","l","여",16319
10,"월","m","남",44794
10,"화","n","여",19583
10,"수","o","남",1751
10,"목","a","여",18980
10,"금","b","남",1074
10,"토","c","여",40454
10,"일","d","남",49910
10,"월","e","여",5022
10,"화","f","남",709
10,"수","g","여",19431
10,"목","h","남",4132
10,"금","i","여",4747
10,"토","j","남",25225
10,"일","k","여",10876
10,"월","l","남",42278
10,"화","m","여",40179
10,"수","n","남",34760
10,"목","o","여",46336
10,"금","a","남",25221
10,"토","b","여",15999
10,"일","c","남",21470
10,"월","d","여",46699
10,"화","e","남",13062
10,"수","f","여",48556
10,"목","g","남",47969
10,"금","h","여",16266
10,"토","i","남",35658
10,"일","j","여",40
10,"월","k","남",3935
10,"화","l","여",18776
10,"수","m","남",13384
10,"목","n","여",37468
10,"금","o","남",34351
10,"토","a","여",31518
10,"일","b","남",16417
10,"월","c","여",10703
10,"화","d","남",14005
10,"수","e","여",3424
10,"목","f","남",27265
10,"금","g","여",35861
10,"토","h","남",29850
10,"일","i","여",45605
10,"월","j","남",28237
10,"화","k","여",12492
10,"수","l","남",5137
10,"목","m","여",25366
10,"금","n","남",39261
10,"토","o","여",3384
10,"일","a","남",31003
10,"월","b","여",37301
10,"화","c","남",1108
10,"수","d","여",44289
10,"목","e","남",14325
10,"금","f","여",27430
10,"토","g","남",44822
10,"일","h","여",11357
10,"월","i","남",39670
10,"화","j","여",23003
10,"수","k","남",6707
10,"목","l","여",17234
10,"금","m","남",27723
10,"토","n","여",4086
10,"일","o","남",28861
10,"월","a","여",33127
10,"화","b","남",24865
10,"수","c","여",4699
10,"목","d","남",46607
10,"금","e","여",37380
10,"토","f","남",27413
10,"일","g","여",4816
10,"월","h","남",5242
10,"화","i","여",41860
10,"수","j","남",319
10,"목","k","여",41718
10,"금","l","남",37051
10,"토","m","여",14584
10,"일","n","남",38340
10,"월","o","여",6163
10,"화","a","남",42660
10,"수","b","여",43891
10,"목","c","남",22179
10,"금","d","여",30110
10,"토","e","남",19129
10,"일","f","여",1042
10,"월","g","남",47829
10,"화","h","여",49194
10,"수","i","남",1481
10,"목","j","여",15671
10,"금","k","남",17815
10,"토","l","여",24050
10,"일","m","남",32755
10,"월","n","여",11411
10,"화","o","남",17239
10,"수","a","여",38648
10,"목","b","남",28357
10,"금","c","여",2128
10,"토","d","남",43988
10,"일","e","여",26726
10,"월","f","남",22136
10,"화","g","여",26182
10,"수","h","남",10919
10,"목","i","여",9396
10,"금","j","남",4677
10,"토","k","여",16448
10,"일","l","남",25302
10,"월","m","여",16985
10,"화","n","남",23044
10,"수","o","여",36639
10,"목","a","남",24240
10,"금","b","여",22744
10,"토","c","남",38720
10,"일","d","여",17421
10,"월","e","남",5981
10,"화","f","여",39117
10,"수","g","남",22534
10,"목","h","여",35082
10,"금","i","남",26713
10,"토","j","여",35628
10,"일","k","남",5971
10,"월","l","여",15769
10,"화","m","남",47163
10,"수","n","여",40395
10,"목","o","남",3025
10,"금","a","여",25039
10,"토","b","남",3293
10,"일","c","여",33590
10,"월","d","남",44698
10,"화","e","여",782
10,"수","f","남",37553
10,"목","g","여",22826
10,"금","h","남",41271
10,"토","i","여",30170
10,"일","j","남",11587
10,"월","k","여",39680
10,"화","l","남",49871
10,"수","m","여",30109
10,"목","n","남",21579
10,"금","o","여",21326
10,"토","a","남",42925
10,"일","b","여",17787
10,"월","c","남",40892
10,"화","d","여",36990
10,"수","e","남",44774
10,"목","f","여",13093
10,"금","g","남",13091
10,"토","h","여",2426
10,"일","i","남",19019
10,"월","j","여",21427
10,"화","k","남",36884
10,"수","l","여",48325
10,"목","m","남",2579
10,"금","n","여",12033
10,"토","o","남",31352
10,"일","a","여",43553
10,"월","b","남",30426
10,"화","c","여",45932
10,"수","d","남",11406
10,"목","e","여",3829
10,"금","f","남",22298
10,"토","g","여",2254
10,"일","h","남",588
10,"월","i","여",29509
10,"화","j","남",45760
10,"수","k","여",3693
10,"목","l","남",6870
10,"금","m","여",35516
10,"토","n","남",9348
10,"일","o","여",49630
11,"월","a","남",2614
11,"화","b","여",39483
11,"수","c","남",6705
11,"목","d","여",40215
11,"금","e","남",1913
11,"토","f","여",18091
11,"일","g","남",11290
11,"월","h","여",11428
11,"화","i","남",47977
11,"수","j","여",18071
11,"목","k","남",49006
11,"금","l","여",4473
11,"토","m","남",19910
11,"일","n","여",10867
11,"월","o","남",17251
11,"화","a","여",40472
11,"수","b","남",31848
11,"목","c","여",29577
11,"금","d","남",37071
11,"토","e","여",26262
11,"일","f","남",45446
11,"월","g","여",1549
11,"화","h","남",16962
11,"수","i","여",17087
11,"목","j","남",23979
11,"금","k","여",5150
11,"토","l","남",1617
11,"일","m","여",24665
11,"월","n","남",47912
11,"화","o","여",23931
11,"수","a","남",42051
11,"목","b","여",8926
11,"금","c","남",7244
11,"토","d","여",38723
11,"일","e","남",26699
11,"월","f","여",3048
11,"화","g","남",38843
11,"수","h","여",29894
11,"목","i","남",35602
11,"금","j","여",45670
11,"토","k","남",23720
11,"일","l","여",41144
11,"월","m","남",35866
11,"화","n","여",24463
11,"수","o","남",39645
11,"목","a","여",33942
11,"금","b","남",19304
11,"토","c","여",42799
11,"일","d","남",31855
11,"월","e","여",26485
11,"화","f","남",6997
11,"수","g","여",48776
11,"목","h","남",40507
11,"금","i","여",4371
11,"토","j","남",11286
11,"일","k","여",5882
11,"월","l","남",45253
11,"화","m","여",20333
11,"수","n","남",33427
11,"목","o","여",21770
11,"금","a","남",27488
11,"토","b","여",43665
11,"일","c","남",41300
11,"월","d","여",1020
11,"화","e","남",38898
11,"수","f","여",33266
11,"목","g","남",43078
11,"금","h","여",42760
11,"토","i","남",38350
11,"일","j","여",23087
11,"월","k","남",36501
11,"화","l","여",5399
11,"수","m","남",6404
11,"목","n","여",5230
11,"금","o","남",33866
11,"토","a","여",12805
11,"일","b","남",947
11,"월","c","여",35739
11,"화","d","남",35525
11,"수","e","여",8738
11,"목","f","남",22815
11,"금","g","여",38826
11,"토","h","남",46979
11,"일","i","여",31400
11,"월","j","남",25068
11,"화","k","여",26697
11,"수","l","남",10617
11,"목","m","여",42880
11,"금","n","남",12781
11,"토","o","여",30093
11,"일","a","남",7717
11,"월","b","여",18741
11,"화","c","남",39717
11,"수","d","여",49432
11,"목","e","남",13836
11,"금","f","여",11705
11,"토","g","남",30656
11,"일","h","여",5573
11,"월","i","남",17812
11,"화","j","여",26350
11,"수","k","남",32961
11,"목","l","여",36323
11,"금","m","남",30197
11,"토","n","여",25572
11,"일","o","남",30431
11,"월","a","여",14658
11,"화","b","남",24401
11,"수","c","여",7180
11,"목","d","남",35172
11,"금","e","여",39127
11,"토","f","남",3683
11,"일","g","여",22649
11,"월","h","남",31120
11,"화","i","여",13628
11,"수","j","남",42353
11,"목","k","여",9739
11,"금","l","남",23819
11,"토","m","여",19405
11,"일","n","남",40368
11,"월","o","여",44949
11,"화","a","남",1575
11,"수","b","여",19178
11,"목","c","남",503
11,"금","d","여",11036
11,"토","e","남",46389
11,"일","f","여",32298
11,"월","g","남",21401
11,"화","h","여",37908
11,"수","i","남",23551
11,"목","j","여",6447
11,"금","k","남",4013
11,"토","l","여",2550
11,"일","m","남",15518
11,"월","n","여",32885
11,"화","o","남",26784
11,"수","a","여",19245
11,"목","b","남",22184
11,"금","c","여",30327
11,"토","d","남",46581
11,"일","e","여",1982
11,"월","f","남",5819
11,"화","g","여",28054
11,"수","h","남",7919
11,"목","i","여",23046
11,"금","j","남",6709
11,"토","k","여",42218
11,"일","l","남",19548
11,"월","m","여",27587
11,"화","n","남",12638
11,"수","o","여",8663
11,"목","a","남",30083
11,"금","b","여",41675
11,"토","c","남",43368
11,"일","d","여",33838
11,"월","e","남",4322
11,"화","f","여",45046
11,"수","g","남",26414
11,"목","h","여",7436
11,"금","i","남",9900
11,"토","j","여",5081
11,"일","k","남",19912
11,"월","l","여",9574
11,"화","m","남",13024
11,"수","n","여",19999
11,"목","o","남",34588
11,"금","a","여",43931
11,"토","b","남",30607
11,"일","c","여",7677
11,"월","d","남",40575
11,"화","e","여",27271
11,"수","f","남",29510
11,"목","g","여",32433
11,"금","h","남",42798
11,"토","i","여",11113
11,"일","j","남",48173
11,"월","k","여",43534
11,"화","l","남",34577
11,"수","m","여",3577
11,"목","n","남",39908
11,"금","o","여",37975
11,"토","a","남",1861
11,"일","b","여",46931
11,"월","c","남",25689
11,"화","d","여",47351
11,"수","e","남",32745
11,"목","f","여",24557
11,"금","g","남",4316
11,"토","h","여",15261
11,"일","i","남",41036
11,"월","j","여",25113
11,"화","k","남",1601
11,"수","l","여",10572
11,"목","m","남",23707
11,"금","n","여",10358
11,"토","o","남",46842
11,"일","a","여",27649
11,"월","b","남",10908
11,"화","c","여",25746
11,"수","d","남",35553
11,"목","e","여",39983
11,"금","f","남",36485
11,"토","g","여",19676
11,"일","h","남",11908
11,"월","i","여",47343
11,"화","j","남",24084
11,"수","k","여",4840
11,"목","l","남",44455
11,"금","m","여",14567
11,"토","n","남",45895
11,"일","o","여",25660
12,"월","a","남",37844
12,"화","b","여",48346
12,"수","c","남",24219
12,"목","d","여",31594
12,"금","e","남",22871
12,"토","f","여",15099
12,"일","g","남",41345
12,"월","h","여",44826
12,"화","i","남",21125
12,"수","j","여",32160
12,"목","k","남",38165
12,"금","l","여",3579
12,"토","m","남",40290
12,"일","n","여",6664
12,"월","o","남",28203
12,"화","a","여",8778
12,"수","b","남",12819
12,"목","c","여",19561
12,"금","d","남",20068
12,"토","e","여",4695
12,"일","f","남",26465
12,"월","g","여",44459
12,"화","h","남",26332
12,"수","i","여",9570
12,"목","j","남",49793
12,"금","k","여",13091
12,"토","l","남",33639
12,"일","m","여",797
12,"월","n","남",47636
12,"화","o","여",49089
12,"수","a","남",48851
12,"목","b","여",45361
12,"금","c","남",32329
12,"토","d","여",39739
12,"일","e","남",3633
12,"월","f","여",14818
12,"화","g","남",825
12,"수","h","여",26201
12,"목","i","남",1505
12,"금","j","여",17837
12,"토","k","남",23102
12,"일","l","여",21433
12,"월","m","남",16830
12,"화","n","여",12812
12,"수","o","남",28504
12,"목","a","여",283
12,"금","b","남",31172
12,"토","c","여",14910
12,"일","d","남",40445
12,"월","e","여",20769
12,"화","f","남",22518
12,"수","g","여",6857
12,"목","h","남",24677
12,"금","i","여",37108
12,"토","j","남",15588
12,"일","k","여",32766
12,"월","l","남",32864
12,"화","m","여",43737
12,"수","n","남",5227
12,"목","o","여",43299
12,"금","a","남",49936
12,"토","b","여",40559
12,"일","c","남",833
12,"월","d","여",13851
12,"화","e","남",37425
12,"수","f","여",29545
12,"목","g","남",34536
12,"금","h","여",45397
12,"토","i","남",37970
12,"일","j","여",30236
12,"월","k","남",14269
12,"화","l","여",11864
12,"수","m","남",18523
12,"목","n","여",28527
12,"금","o","남",44799
12,"토","a","여",31974
12,"일","b","남",4640
12,"월","c","여",7939
12,"화","d","남",19565
12,"수","e","여",43994
12,"목","f","남",13112
12,"금","g","여",40170
12,"토","h","남",40821
12,"일","i","여",31191
12,"월","j","남",36319
12,"화","k","여",27552
12,"수","l","남",39877
12,"목","m","여",26511
12,"금","n","남",19611
12,"토","o","여",2417
12,"일","a","남",22876
12,"월","b","여",49707
12,"화","c","남",8909
12,"수","d","여",41047
12,"목","e","남",1393
12,"금","f","여",24253
12,"토","g","남",21340
12,"일","h","여",42956
12,"월","i","남",9752
12,"화","j","여",4622
12,"수","k","남",2387
12,"목","l","여",266
12,"금","m","남",3398
12,"토","n","여",872
12,"일","o","남",20116
12,"월","a","여",25433
12,"화","b","남",24017
12,"수","c","여",45282
12,"목","d","남",2137
12,"금","e","여",23349
12,"토","f","남",35134
12,"일","g","여",38464
12,"월","h","남",9571
12,"화","i","여",16006
12,"수","j","남",24897
12,"목","k","여",49831
12,"금","l","남",1181
12,"토","m","여",7337
12,"일","n","남",43043
12,"월","o","여",14903
12,"화","a","남",30690
12,"수","b","여",48826
12,"목","c","남",4686
12,"금","d","여",40477
12,"토","e","남",31434
12,"일","f","여",34156
12,"월","g","남",26283
12,"화","h","여",33253
12,"수","i","남",26129
12,"목","j","여",24094
12,"금","k","남",47118
12,"토","l","여",6896
12,"일","m","남",272
12,"월","n","여",40187
12,"화","o","남",45150
12,"수","a","여",2950
12,"목","b","남",3283
12,"금","c","여",10565
12,"토","d","남",40661
12,"일","e","여",33208
12,"월","f","남",48806
12,"화","g","여",34904
12,"수","h","남",6297
12,"목","i","여",39537
12,"금","j","남",40073
12,"토","k","여",12579
12,"일","l","남",34502
12,"월","m","여",2221
12,"화","n","남",7486
12,"수","o","여",2061
12,"목","a","남",42415
12,"금","b","여",14805
12,"토","c","남",30203
12,"일","d","여",49656
12,"월","e","남",33208
12,"화","f","여",27039
12,"수","g","남",37019
12,"목","h","여",41147
12,"금","i","남",20565
12,"토","j","여",1728
12,"일","k","남",4256
12,"월","l","여",8748
12,"화","m","남",45275
12,"수","n","여",17825
12,"목","o","남",866
12,"금","a","여",49291
12,"토","b","남",16769
12,"일","c","여",49698
12,"월","d","남",20580
12,"화","e","여",32008
12,"수","f","남",11601
12,"목","g","여",41312
12,"금","h","남",6531
12,"토","i","여",20237
12,"일","j","남",26062
12,"월","k","여",746
12,"화","l","남",25181
12,"수","m","여",32059
12,"목","n","남",26732
12,"금","o","여",2463
12,"토","a","남",12363
12,"일","b","여",47427
12,"월","c","남",8644
12,"화","d","여",33006
12,"수","e","남",30975
12,"목","f","여",25915
12,"금","g","남",7289
12,"토","h","여",18744
12,"일","i","남",12944
12,"월","j","여",1405
12,"화","k","남",15405
12,"수","l","여",18164
12,"목","m","남",19510
12,"금","n","여",39208
12,"토","o","남",9428
12,"일","a","여",22499
12,"월","b","남",29255
12,"화","c","여",42040
12,"수","d","남",2045
12,"목","e","여",6038
12,"금","f","남",31065
12,"토","g","여",11845
12,"일","h","남",14144
12,"월","i","여",48751
12,"화","j","남",40122
12,"수","k","여",2839
12,"목","l","남",40861
12,"금","m","여",28420
12,"토","n","남",17037
12,"일","o","여",21201
